userId,id,title,body
1,1,sunt aut facere repellat provident occaecati excepturi optio reprehenderit,quia et suscipitsuscipit recusandae consequuntur expedita et cumreprehenderit molestiae ut ut quas totamnostrum rerum est autem sunt rem eveniet architecto
1,2,qui est esse,est rerum tempore vitaesequi sint nihil reprehenderit dolor beatae ea dolores nequefugiat blanditiis voluptate porro vel nihil molestiae ut reiciendisqui aperiam non debitis possimus qui neque nisi nulla
1,3,ea molestias quasi exercitationem repellat qui ipsa sit aut,et iusto sed quo iurevoluptatem occaecati omnis eligendi aut advoluptatem doloribus vel accusantium quis pariaturmolestiae porro eius odio et labore et velit aut
1,4,eum et est occaecati,ullam et saepe reiciendis voluptatem adipiscisit amet autem assumenda provident rerum culpaquis hic commodi nesciunt rem tenetur doloremque ipsam iurequis sunt voluptatem rerum illo velit
1,5,nesciunt quas odio,repudiandae veniam quaerat sunt sedalias aut fugiat sit autem sed estvoluptatem omnis possimus esse voluptatibus quisest aut tenetur dolor neque
1,6,dolorem eum magni eos aperiam quia,ut aspernatur corporis harum nihil quis provident sequimollitia nobis aliquid molestiaeperspiciatis et ea nemo ab reprehenderit accusantium quasvoluptate dolores velit et doloremque molestiae
1,7,magnam facilis autem,dolore placeat quibusdam ea quo vitaemagni quis enim qui quis quo nemo aut saepequidem repellat excepturi ut quiasunt ut sequi eos ea sed quas
1,8,dolorem dolore est ipsam,dignissimos aperiam dolorem qui eumfacilis quibusdam animi sint suscipit qui sint possimus cumquaerat magni maiores excepturiipsam ut commodi dolor voluptatum modi aut vitae
1,9,nesciunt iure omnis dolorem tempora et accusantium,consectetur animi nesciunt iure doloreenim quia adveniam autem ut quam aut nobiset est aut quod aut provident voluptas autem voluptas
1,10,optio molestias id quia eum,quo et expedita modi cum officia vel magnidoloribus qui repudiandaevero nisi sitquos veniam quod sed accusamus veritatis error
2,11,et ea vero quia laudantium autem,delectus reiciendis molestiae occaecati non minima eveniet qui voluptatibusaccusamus in eum beatae sitvel qui neque voluptates ut commodi qui inciduntut animi commodi
2,12,in quibusdam tempore odit est dolorem,itaque id aut magnampraesentium quia et ea odit et ea voluptas etsapiente quia nihil amet occaecati quia id voluptatemincidunt ea est distinctio odio
2,13,dolorum ut in voluptas mollitia et saepe quo animi,aut dicta possimus sint mollitia voluptas commodi quo doloremqueiste corrupti reiciendis voluptatem eius rerumsit cumque quod eligendi laborum minimaperferendis recusandae assumenda consectetur porro architecto ipsum ipsam
2,14,voluptatem eligendi optio,fuga et accusamus dolorum perferendis illo voluptasnon doloremque neque faceread qui dolorum molestiae beataesed aut voluptas totam sit illum
2,15,eveniet quod temporibus,reprehenderit quos placeatvelit minima officia dolores impedit repudiandae molestiae namvoluptas recusandae quis delectusofficiis harum fugiat vitae
2,16,sint suscipit perspiciatis velit dolorum rerum ipsa laboriosam odio,suscipit nam nisi quo aperiam autasperiores eos fugit maiores voluptatibus quiavoluptatem quis ullam qui in alias quia estconsequatur magni mollitia accusamus ea nisi voluptate dicta
2,17,fugit voluptas sed molestias voluptatem provident,eos voluptas et aut odit natus earumaspernatur fuga molestiae ullamdeserunt ratione qui eosqui nihil ratione nemo velit ut aut id quo
2,18,voluptate et itaque vero tempora molestiae,eveniet quo quislaborum totam consequatur non dolorut et est repudiandaeest voluptatem vel debitis et magnam
2,19,adipisci placeat illum aut reiciendis qui,illum quis cupiditate provident sit magnamea sed aut omnisveniam maiores ullam consequatur atqueadipisci quo iste expedita sit quos voluptas
2,20,doloribus ad provident suscipit at,qui consequuntur ducimus possimus quisquam amet similiquesuscipit porro ipsam ameteos veritatis officiis exercitationem vel fugit aut necessitatibus totamomnis rerum consequatur expedita quidem cumque explicabo
3,21,asperiores ea ipsam voluptatibus modi minima quia sint,repellat aliquid praesentium dolorem quosed totam minus non itaquenihil labore molestiae sunt dolor eveniet hic recusandae veniamtempora et tenetur expedita sunt
3,22,dolor sint quo a velit explicabo quia nam,eos qui et ipsum ipsam suscipit autsed omnis non odioexpedita earum mollitia molestiae aut atque rem suscipitnam impedit esse
3,23,maxime id vitae nihil numquam,veritatis unde neque eligendiquae quod architecto quo neque vitaeest illo sit tempora doloremque fugit quodet et vel beatae sequi ullam sed tenetur perspiciatis
3,24,autem hic labore sunt dolores incidunt,enim et ex nullaomnis voluptas quia quivoluptatem consequatur numquam aliquam sunttotam recusandae id dignissimos aut sed asperiores deserunt
3,25,rem alias distinctio quo quis,ullam consequatur utomnis quis sit vel consequunturipsa eligendi ipsum molestiae et omnis error nostrummolestiae illo tempore quia et distinctio
3,26,est et quae odit qui non,similique esse doloribus nihil accusamusomnis dolorem fuga consequuntur reprehenderit fugit recusandae temporibusperspiciatis cum ut laudantiumomnis aut molestiae vel vero
3,27,quasi id et eos tenetur aut quo autem,eum sed dolores ipsam sint possimus debitis occaecatidebitis qui qui etut placeat enim earum aut odit facilisconsequatur suscipit necessitatibus rerum sed inventore temporibus consequatur
3,28,delectus ullam et corporis nulla voluptas sequi,non et quaerat ex quae ad maioresmaiores recusandae totam aut blanditiis mollitia quas illout voluptatibus voluptatemsimilique nostrum eum
3,29,iusto eius quod necessitatibus culpa ea,odit magnam ut saepe sed non quitempora atque nihilaccusamus illum doloribus illo doloreligendi repudiandae odit magni similique sed cum maiores
3,30,a quo magni similique perferendis,alias dolor cumqueimpedit blanditiis non eveniet odio maximeblanditiis amet eius quis tempora quia autem rema provident perspiciatis quia
4,31,ullam ut quidem id aut vel consequuntur,debitis eius sed quibusdam non quis consectetur vitaeimpedit ut qui consequatur sed aut inquidem sit nostrum et maiores adipisci atquequaerat voluptatem adipisci repudiandae
4,32,doloremque illum aliquid sunt,deserunt eos nobis asperiores et hicest debitis repellat molestiae optionihil ratione ut eos beatae quibusdam distinctio maioresearum voluptates et aut adipisci ea maiores voluptas maxime
4,33,qui explicabo molestiae dolorem,rerum ut et numquam laborum odit est sitid qui sint inquasi tenetur tempore aperiam et quaerat qui inrerum officiis sequi cumque quod
4,34,magnam ut rerum iure,ea velit perferendis earum ut voluptatem voluptate itaque iustototam pariatur innemo voluptatem voluptatem autem magni tempora minima inest distinctio qui assumenda accusamus dignissimos officia nesciunt nobis
4,35,id nihil consequatur molestias animi provident,nisi error delectus possimus ut eligendi vitaeplaceat eos harum cupiditate facilis reprehenderit voluptatem beataemodi ducimus quo illum voluptas eligendiet nobis quia fugit
4,36,fuga nam accusamus voluptas reiciendis itaque,ad mollitia et omnis minus architecto oditvoluptas doloremque maxime aut non ipsa qui alias veniamblanditiis culpa aut quia nihil cumque facere et occaecatiqui aspernatur quia eaque ut aperiam inventore
4,37,provident vel ut sit ratione est,debitis et eaque non officia sed nesciunt pariatur velvoluptatem iste vero et eanumquam aut expedita ipsum nulla involuptates omnis consequatur aut enim officiis in quam qui
4,38,explicabo et eos deleniti nostrum ab id repellendus,animi esse sit aut sit nesciunt assumenda eum voluptasquia voluptatibus provident quia necessitatibus earerum repudiandae quia voluptatem delectus fugit aut id quiaratione optio eos iusto veniam iure
4,39,eos dolorem iste accusantium est eaque quam,corporis rerum ducimus vel eum accusantiummaxime aspernatur a porro possimus iste omnisest in deleniti asperiores fuga autvoluptas sapiente vel dolore minus voluptatem incidunt ex
4,40,enim quo cumque,ut voluptatum aliquid illo tenetur nemo sequi quo facilisipsum rem optio mollitia quasvoluptatem eum voluptas quiunde omnis voluptatem iure quasi maxime voluptas nam
5,41,non est facere,molestias id nostrumexcepturi molestiae dolore omnis repellendus quaerat saepeconsectetur iste quaerat tenetur asperiores accusamus ex utnam quidem est ducimus sunt debitis saepe
5,42,commodi ullam sint et excepturi error explicabo praesentium voluptas,odio fugit voluptatum ducimus earum autem est incidunt voluptatemodit reiciendis aliquam sunt sequi nulla doloremnon facere repellendus voluptates quiaratione harum vitae ut
5,43,eligendi iste nostrum consequuntur adipisci praesentium sit beatae perferendis,similique fugit estillum et dolorum harum et voluptate eaque quidemexercitationem quos nam commodi possimus cum odio nihil nulladolorum exercitationem magnam ex et a et distinctio debitis
5,44,optio dolor molestias sit,temporibus est consectetur doloreet libero debitis vel velit laboriosam quiaipsum quibusdam qui itaque fuga rem autea et iure quam sed maxime ut distinctio quae
5,45,ut numquam possimus omnis eius suscipit laudantium iure,est natus reiciendis nihil possimus aut providentex et dolorrepellat pariatur estnobis rerum repellendus dolorem autem
5,46,aut quo modi neque nostrum ducimus,voluptatem quisquam istevoluptatibus natus officiis facilis doloremquis quas ipsamvel et voluptatum in aliquid
5,47,quibusdam cumque rem aut deserunt,voluptatem assumenda ut qui ut cupiditate aut impedit veniamoccaecati nemo illum voluptatem laudantiummolestiae beatae rerum ea iure soluta nostrumeligendi et voluptate
5,48,ut voluptatem illum ea doloribus itaque eos,voluptates quo voluptatem facilis iure occaecativel assumenda rerum officia etillum perspiciatis ab delenitilaudantium repellat ad ut et autem reprehenderit
5,49,laborum non sunt aut ut assumenda perspiciatis voluptas,inventore ab sintnatus fugit id nulla sequi architecto nihil quaerateos tenetur in in eum veritatis nonquibusdam officiis aspernatur cumque aut commodi aut
5,50,repellendus qui recusandae incidunt voluptates tenetur qui omnis exercitationem,error suscipit maxime adipisci consequuntur recusandaevoluptas eligendi et est et voluptatesquia distinctio ab amet quaerat molestiae et vitaeadipisci impedit sequi nesciunt quis consectetur
6,51,soluta aliquam aperiam consequatur illo quis voluptas,sunt dolores aut doloribusdolore doloribus voluptates tempora etdoloremque et quocum asperiores sit consectetur dolorem
6,52,qui enim et consequuntur quia animi quis voluptate quibusdam,iusto est quibusdam fuga quas quaerat molestiasa enim ut sit accusamus enimtemporibus iusto accusantium provident architectosoluta esse reprehenderit qui laborum
6,53,ut quo aut ducimus alias,minima harum praesentium eum rerum illo dolorequasi exercitationem rerum namporro quis neque quoconsequatur minus dolor quidem veritatis sunt non explicabo similique
6,54,sit asperiores ipsam eveniet odio non quia,totam corporis dignissimosvitae dolorem ut occaecati accusamusex velit deseruntet exercitationem vero incidunt corrupti mollitia
6,55,sit vel voluptatem et non libero,debitis excepturi ea perferendis harum libero optioeos accusamus cum fuga ut sapiente repudiandaeet ut incidunt omnis molestiaenihil ut eum odit
6,56,qui et at rerum necessitatibus,aut est omnis doloresneque rerum quod ea rerum velit pariatur beatae excepturiet provident voluptas corrupticorporis harum reprehenderit dolores eligendi
6,57,sed ab est est,at pariatur consequuntur earum quidemquo est laudantium soluta voluptatemqui ullam et estet cum voluptas voluptatum repellat est
6,58,voluptatum itaque dolores nisi et quasi,veniam voluptatum quae adipisci idet id quia eos ad et doloremaliquam quo nisi sunt eos impedit errorad similique veniam
6,59,qui commodi dolor at maiores et quis id accusantium,perspiciatis et quam ea autem temporibus non voluptatibus quibeatae a earum officia nesciunt dolores suscipit voluptas etanimi doloribus cum rerum quas et magniet hic ut ut commodi expedita sunt
6,60,consequatur placeat omnis quisquam quia reprehenderit fugit veritatis facere,asperiores sunt ab assumenda cumque modi velitqui esse omnisvoluptate et fuga perferendis voluptasillo ratione amet aut et omnis
7,61,voluptatem doloribus consectetur est ut ducimus,ab nemo optio odiodelectus tenetur corporis similique nobis repellendus rerum omnis facilisvero blanditiis debitis in nesciunt doloribus dicta doloresmagnam minus velit
7,62,beatae enim quia vel,enim aspernatur illo distinctio quae praesentiumbeatae alias amet delectus qui voluptate distinctioodit sint accusantium autem omnisquo molestiae omnis ea eveniet optio
7,63,voluptas blanditiis repellendus animi ducimus error sapiente et suscipit,enim adipisci aspernatur nemonumquam omnis facere dolorem dolor ex quis temporibus inciduntab delectus culpa quo reprehenderit blanditiis asperioresaccusantium ut quam in voluptatibus voluptas ipsam dicta
7,64,et fugit quas eum in in aperiam quod,id velit blanditiiseum ea voluptatemmolestiae sint occaecati est eos perspiciatisincidunt a error provident eaque aut aut qui
7,65,consequatur id enim sunt et et,voluptatibus ex essesint explicabo est aliquid cumque adipisci fuga repellat laboremolestiae corrupti ex saepe at asperiores et perferendisnatus id esse incidunt pariatur
7,66,repudiandae ea animi iusto,officia veritatis tenetur vero qui itaquesint non rationesed et ut asperiores iusto eos molestiae nostrumveritatis quibusdam et nemo iusto saepe
7,67,aliquid eos sed fuga est maxime repellendus,reprehenderit id nostrumvoluptas doloremque pariatur sint et accusantium quia quod aspernaturet fugiat ametnon sapiente et consequatur necessitatibus molestiae
7,68,odio quis facere architecto reiciendis optio,magnam molestiae perferendis quisquamqui cum reiciendisquaerat animi amet hic inventoreea quia deleniti quidem saepe porro velit
7,69,fugiat quod pariatur odit minima,officiis error culpa consequatur modi asperiores etdolorum assumenda voluptas et vel qui aut vel rerumvoluptatum quisquam perspiciatis quia rerum consequatur totam quassequi commodi repudiandae asperiores et saepe a
7,70,voluptatem laborum magni,sunt repellendus quaeest asperiores aut deleniti esse accusamus repellendus quia autquia dolorem undeeum tempora esse dolore
8,71,et iusto veniam et illum aut fuga,occaecati a doloribusiste saepe consectetur placeat eum voluptate dolorem etqui quo quia voluptasrerum ut id enim velit est perferendis
8,72,sint hic doloribus consequatur eos non id,quam occaecati qui deleniti consecteturconsequatur aut facere quas exercitationem aliquam hic voluptasneque id sunt ut aut accusamussunt consectetur expedita inventore velit
8,73,consequuntur deleniti eos quia temporibus ab aliquid at,voluptatem cumque tenetur consequatur expedita ipsum nemo quia explicaboaut eum minima consequaturtempore cumque quae est etet in consequuntur voluptatem voluptates aut
8,74,enim unde ratione doloribus quas enim ut sit sapiente,odit qui et et necessitatibus sint veniammollitia amet doloremque molestiae commodi similique magnam et quamblanditiis est itaquequo et tenetur ratione occaecati molestiae tempora
8,75,dignissimos eum dolor ut enim et delectus in,commodi non non omnis et voluptas sitautem aut nobis magnam et sapiente voluptatemet laborum repellat qui delectus facilis temporibusrerum amet et nemo voluptate expedita adipisci error dolorem
8,76,doloremque officiis ad et non perferendis,ut animi faceretotam iusto temporemolestiae eum aut et dolorem aperiamquaerat recusandae totam odio
8,77,necessitatibus quasi exercitationem odio,modi ut in nulla repudiandae dolorum nostrum eosaut consequatur omnisut incidunt est omnis iste et quamvoluptates sapiente aliquam asperiores nobis amet corrupti repudiandae provident
8,78,quam voluptatibus rerum veritatis,nobis facilis odit tempore cupiditate quiaassumenda doloribus rerum qui eaillum et qui totamaut veniam repellendus
8,79,pariatur consequatur quia magnam autem omnis non amet,libero accusantium et et facere incidunt sit doloremnon excepturi qui quia sed laudantiumquisquam molestiae ducimus estofficiis esse molestiae iste et quos
8,80,labore in ex et explicabo corporis aut quas,ex quod dolorem ea eum iure qui provident ametquia qui facere excepturi et repudiandaeasperiores molestias providentminus incidunt vero fugit rerum sint sunt excepturi provident
9,81,tempora rem veritatis voluptas quo dolores vero,facere qui nesciunt est voluptatum voluptatem nisisequi eligendi necessitatibus ea at rerum itaqueharum non ratione velit laboriosam quis consequunturex officiis minima doloremque voluptas ut aut
9,82,laudantium voluptate suscipit sunt enim enim,ut libero sit aut totam inventore suntporro sint qui sunt molestiaeconsequatur cupiditate qui iste ducimus adipiscidolor enim assumenda soluta laboriosam amet iste delectus hic
9,83,odit et voluptates doloribus alias odio et,est molestiae facilis quis tempora numquam nihil quivoluptate sapiente consequatur est quinecessitatibus autem aut ipsa aperiam modi dolore numquamreprehenderit eius rem quibusdam
9,84,optio ipsam molestias necessitatibus occaecati facilis veritatis dolores aut,sint molestiae magni a et quoseaque et quasiut rerum debitis similique veniamrecusandae dignissimos dolor incidunt consequatur odio
9,85,dolore veritatis porro provident adipisci blanditiis et sunt,similique sed nisi voluptas iusto omnismollitia et quoassumenda suscipit officia magnam sint sed temporaenim provident pariatur praesentium atque animi amet ratione
9,86,placeat quia et porro iste,quasi excepturi consequatur iste autem temporibus sed molestiae beataeet quaerat et esse utvoluptatem occaecati et vel explicabo autemasperiores pariatur deserunt optio
9,87,nostrum quis quasi placeat,eos et molestiaenesciunt ut adolores perspiciatis repellendus repellat aliquidmagnam sint rem ipsum est
9,88,sapiente omnis fugit eos,consequatur omnis est praesentiumducimus non isteneque hic deseruntvoluptatibus veniam cum et rerum sed
9,89,sint soluta et vel magnam aut ut sed qui,repellat aut aperiam totam temporibus autem etarchitecto magnam utconsequatur qui cupiditate rerum quia soluta dignissimos nihil iuretempore quas est
9,90,ad iusto omnis odit dolor voluptatibus,minus omnis soluta quiaqui sed adipisci voluptates illum ipsam voluptatemeligendi officia ut ineos soluta similique molestias praesentium blanditiis
10,91,aut amet sed,libero voluptate eveniet aperiam sedsunt placeat suscipit molestiassimilique fugit nam natusexpedita consequatur consequatur dolores quia eos et placeat
10,92,ratione ex tenetur perferendis,aut et excepturi dicta laudantium sint rerum nihillaudantium et ata neque minima officia et similique libero etcommodi voluptate qui
10,93,beatae soluta recusandae,dolorem quibusdam ducimus consequuntur dicta aut quo laboriosamvoluptatem quis enim recusandae ut sed suntnostrum est odit totamsit error sed sunt eveniet provident qui nulla
10,94,qui qui voluptates illo iste minima,aspernatur expedita soluta quo ab ut similiqueexpedita dolores ametsed temporibus distinctio magnam saepe delenitiomnis facilis nam ipsum natus sint similique omnis
10,95,id minus libero illum nam ad officiis,earum voluptatem facere provident blanditiis velit laboriosampariatur accusamus odio saepecumque dolor qui a dicta ab doloribus consequatur omniscorporis cupiditate eaque assumenda ad nesciunt
10,96,quaerat velit veniam amet cupiditate aut numquam ut sequi,in non odio excepturi sint eumlabore voluptates vitae quia qui etinventore itaque rerumveniam non exercitationem delectus aut
10,97,quas fugiat ut perspiciatis vero provident,eum non blanditiis soluta porro quibusdam voluptasvel voluptatem qui placeat dolores qui velit autvel inventore aut cumque culpa explicabo aliquid atperspiciatis est et voluptatem dignissimos dolor itaque sit nam
10,98,laboriosam dolor voluptates,doloremque ex facilis sit sint culpasoluta assumenda eligendi non ut eiussequi ducimus vel quasiveritatis est dolores
10,99,temporibus sit alias delectus eligendi possimus magni,quo deleniti praesentium dicta non quodaut est molestiasmolestias et officia quis nihilitaque dolorem quia
10,100,at nam consequatur ea labore ea harum,cupiditate quo est a modi nesciunt solutaipsa voluptas error itaque dicta inautem qui minus magnam et distinctio eumaccusamus ratione error aut
19999,101,statup,bar

